2010-06-29,19.0,23.89
2010-06-30,25.79,23.83
2010-07-01,25.0,21.96
2010-07-02,23.0,19.2
2010-07-06,20.0,16.11
2010-07-07,16.4,15.8
2010-07-08,16.14,17.46
2010-07-09,17.58,17.4
2010-07-12,17.95,17.05
2010-07-13,17.3938,18.14
2010-07-14,17.94,19.84
2010-07-15,19.94,19.89
2010-07-16,20.7,20.64
2010-07-19,21.37,21.91
2010-07-20,21.85,20.3
2010-07-21,20.66,20.22
2010-07-22,20.5,21.0
2010-07-23,21.19,21.29
2010-07-26,21.5,20.95
2010-07-27,20.91,20.55
2010-07-28,20.55,20.72
2010-07-29,20.77,20.35
2010-07-30,20.2,19.94
2010-08-02,20.5,20.92
2010-08-03,21.0,21.95
2010-08-04,21.95,21.26
2010-08-05,21.54,20.45
2010-08-06,20.1,19.59
2010-08-09,19.9,19.6
2010-08-10,19.65,19.03
2010-08-11,18.69,17.9
2010-08-12,17.8,17.6
2010-08-13,18.18,18.32
2010-08-16,18.45,18.78
2010-08-17,18.96,19.15
2010-08-18,19.59,18.77
2010-08-19,18.54,18.79
2010-08-20,18.65,19.1
2010-08-23,19.09,20.13
2010-08-24,19.25,19.2
2010-08-25,19.16,19.9
2010-08-26,19.89,19.75
2010-08-27,19.75,19.7
2010-08-30,19.7,19.87
2010-08-31,19.66,19.48
2010-09-01,19.62,20.45
2010-09-02,20.37,21.06
2010-09-03,20.87,21.05
2010-09-07,20.61,20.54
2010-09-08,20.66,20.9
2010-09-09,21.0,20.71
2010-09-10,20.75,20.17
2010-09-13,20.89,20.72
2010-09-14,20.54,21.12
2010-09-15,20.98,21.98
2010-09-16,22.15,20.94
2010-09-17,21.02,20.23
2010-09-20,20.67,21.055
2010-09-21,20.89,20.77
2010-09-22,20.87,19.87
2010-09-23,19.89,19.56
2010-09-24,19.95,20.1
2010-09-27,20.4,20.53
2010-09-28,21.04,21.4
2010-09-29,21.19,21.98
2010-09-30,22.0,20.405
2010-10-01,20.69,20.6
2010-10-04,20.43,20.99
2010-10-05,21.15,21.12
2010-10-06,21.06,20.46
2010-10-07,20.57,20.43
2010-10-08,20.43,20.43
2010-10-11,20.44,20.24
2010-10-12,20.2,20.24
2010-10-13,20.64,20.54
2010-10-14,21.0,20.75
2010-10-15,20.89,20.54
2010-10-18,20.52,20.23
2010-10-19,20.2,20.05
2010-10-20,20.16,20.65
2010-10-21,20.61,20.75
2010-10-22,20.68,20.72
2010-10-25,20.94,20.85
2010-10-26,20.8,21.36
2010-10-27,21.25,21.0
2010-10-28,21.39,21.19
2010-10-29,21.14,21.84
2010-11-01,21.94,21.41
2010-11-02,21.68,21.25
2010-11-03,21.28,21.77
2010-11-04,22.6,24.9
2010-11-05,24.87,24.44
2010-11-08,24.5,24.98
2010-11-09,25.0,24.63
2010-11-10,24.48,29.36
2010-11-11,28.6,28.035
2010-11-12,28.25,29.84
2010-11-15,30.22,30.8
2010-11-16,31.0,29.67
2010-11-17,30.2,29.49
2010-11-18,30.67,29.89
2010-11-19,30.16,30.99
2010-11-22,31.57,33.4
2010-11-23,33.29,34.57
2010-11-24,35.27,35.47
2010-11-26,35.6,35.32
2010-11-29,35.4122,34.33
2010-11-30,33.74,35.33
2010-12-01,35.87,34.35
2010-12-02,34.01,32.35
2010-12-03,32.01,31.49
2010-12-06,31.35,30.31
2010-12-07,30.49,31.56
2010-12-08,32.48,32.37
2010-12-09,32.51,32.05
2010-12-10,32.05,31.52
2010-12-13,31.64,30.55
2010-12-14,30.29,28.53
2010-12-15,28.67,29.6
2010-12-16,30.0,30.81
2010-12-17,31.34,31.36
2010-12-20,31.64,31.7
2010-12-21,31.8,32.26
2010-12-22,32.25,32.63
2010-12-23,31.26,30.09
2010-12-27,28.02,25.549
2010-12-28,25.85,26.41
2010-12-29,27.03,27.73
2010-12-30,27.7,26.5
2010-12-31,26.57,26.63
2011-01-03,26.84,26.62
2011-01-04,26.66,26.67
2011-01-05,26.48,26.83
2011-01-06,26.83,27.88
2011-01-07,28.0,28.24
2011-01-10,28.17,28.45
2011-01-11,28.59,26.96
2011-01-12,27.01,26.96
2011-01-13,26.96,26.22
2011-01-14,26.15,25.75
2011-01-18,25.48,25.64
2011-01-19,25.27,24.03
2011-01-20,24.03,22.62
2011-01-21,23.12,23.04
2011-01-24,23.53,24.49
2011-01-25,24.65,24.68
2011-01-26,24.71,24.75
2011-01-27,24.74,24.92
2011-01-28,24.88,24.01
2011-01-31,24.05,24.1
2011-02-01,24.31,23.91
2011-02-02,24.16,23.94
2011-02-03,23.82,23.63
2011-02-04,23.44,23.46
2011-02-07,23.26,23.07
2011-02-08,23.78,24.49
2011-02-09,24.13,23.21
2011-02-10,23.26,23.215
2011-02-11,23.25,23.25
2011-02-14,23.64,23.08
2011-02-15,23.01,22.84
2011-02-16,23.1,24.73
2011-02-17,24.63,23.6
2011-02-18,23.33,23.18
2011-02-22,22.88,21.87
2011-02-23,22.18,21.83
2011-02-24,21.78,22.53
2011-02-25,22.81,23.61
2011-02-28,23.74,23.89
2011-03-01,24.05,23.94
2011-03-02,23.82,24.02
2011-03-03,24.48,24.36
2011-03-04,24.48,24.95
2011-03-07,24.93,24.94
2011-03-08,24.6,24.66
2011-03-09,24.66,24.72
2011-03-10,24.44,24.01
2011-03-11,23.85,24.07
2011-03-14,23.82,23.25
2011-03-15,22.2,22.95
2011-03-16,22.86,22.82
2011-03-17,23.24,22.81
2011-03-18,23.19,22.96
2011-03-21,23.05,22.73
2011-03-22,22.73,22.19
2011-03-23,22.11,22.21
2011-03-24,22.14,22.33
2011-03-25,22.43,22.75
2011-03-28,22.7,23.25
2011-03-29,23.3,23.92
2011-03-30,24.11,23.71
2011-03-31,26.55,27.75
2011-04-01,27.45,26.66
2011-04-04,26.83,25.83
2011-04-05,25.9,26.7
2011-04-06,26.99,26.49
2011-04-07,26.85,27.24
2011-04-08,27.58,26.49
2011-04-11,26.47,25.27
2011-04-12,25.08,24.65
2011-04-13,25.13,24.93
2011-04-14,24.87,25.14
2011-04-15,25.65,25.58
2011-04-18,25.13,25.03
2011-04-19,25.26,25.16
2011-04-20,25.7,25.75
2011-04-21,25.85,26.74
2011-04-25,26.7,26.39
2011-04-26,26.66,26.93
2011-04-27,26.93,27.08
2011-04-28,27.07,27.66
2011-04-29,27.69,27.6
2011-05-02,27.6,27.45
2011-05-03,27.38,26.87
2011-05-04,26.78,26.69
2011-05-05,27.2,26.44
2011-05-06,26.9,27.12
2011-05-09,27.0,27.91
2011-05-10,28.24,28.33
2011-05-11,28.2,27.07
2011-05-12,27.07,27.67
2011-05-13,28.0,27.55
2011-05-16,27.99,26.6
2011-05-17,27.0,25.96
2011-05-18,26.1,26.35
2011-05-19,27.03,28.2
2011-05-20,28.26,27.97
2011-05-23,27.62,26.82
2011-05-24,27.02,26.72
2011-05-25,26.9,28.98
2011-05-26,28.82,29.48
2011-05-27,29.54,29.55
2011-05-31,29.69,30.14
2011-06-01,30.0,28.517
2011-06-02,28.52,28.76
2011-06-03,29.95,30.13
2011-06-06,29.1,28.7
2011-06-07,28.94,28.37
2011-06-08,28.44,27.12
2011-06-09,27.43,27.62
2011-06-10,27.52,27.86
2011-06-13,28.07,28.43
2011-06-14,28.54,28.6
2011-06-15,28.44,27.32
2011-06-16,27.67,26.5
2011-06-17,26.87,26.5
2011-06-20,26.29,26.01
2011-06-21,26.24,27.53
2011-06-22,27.37,27.21
2011-06-23,27.2,27.71
2011-06-24,27.64,27.565
2011-06-27,27.73,27.46
2011-06-28,27.79,28.11
2011-06-29,28.5,28.29
2011-06-30,28.5,29.13
2011-07-01,29.07,29.02
2011-07-05,29.02,29.14
2011-07-06,29.14,28.96
2011-07-07,29.14,29.73
2011-07-08,29.89,28.81
2011-07-11,28.4,28.35
2011-07-12,28.37,28.17
2011-07-13,28.43,28.64
2011-07-14,28.53,27.61
2011-07-15,27.79,27.58
2011-07-18,27.34,27.23
2011-07-19,27.58,27.89
2011-07-20,28.0,28.69
2011-07-21,28.91,28.7
2011-07-22,28.7,29.29
2011-07-25,29.01,28.49
2011-07-26,28.31,28.0
2011-07-27,28.5,27.64
2011-07-28,27.6,28.17
2011-07-29,27.8,28.17
2011-08-01,28.67,28.77
2011-08-02,28.69,27.34
2011-08-03,27.5,27.2
2011-08-04,26.51,24.75
2011-08-05,24.99,24.24
2011-08-08,23.1,23.64
2011-08-09,24.15,25.06
2011-08-10,25.44,23.82
2011-08-11,24.04,25.3
2011-08-12,25.6,26.31
2011-08-15,26.62,26.23
2011-08-16,26.13,26.1
2011-08-17,26.39,25.83
2011-08-18,25.0,24.26
2011-08-19,23.86,22.3
2011-08-22,23.11,21.95
2011-08-23,21.93,22.96
2011-08-24,23.1,23.87
2011-08-25,23.87,23.11
2011-08-26,22.71,23.73
2011-08-29,24.22,24.71
2011-08-30,24.5,24.63
2011-08-31,24.8,24.74
2011-09-01,24.66,24.0
2011-09-02,23.66,23.07
2011-09-06,22.5,22.94
2011-09-07,23.39,23.84
2011-09-08,23.58,23.61
2011-09-09,23.37,22.97
2011-09-12,22.735,22.88
2011-09-13,23.01,24.08
2011-09-14,24.25,24.34
2011-09-15,24.58,24.82
2011-09-16,24.78,25.8
2011-09-19,24.95,25.77
2011-09-20,25.98,26.01
2011-09-21,25.95,25.85
2011-09-22,25.64,25.63
2011-09-23,25.49,26.38
2011-09-26,26.52,25.52
2011-09-27,26.0,26.19
2011-09-28,26.0,24.59
2011-09-29,25.72,24.12
2011-09-30,24.8,24.39
2011-10-03,24.95,23.73
2011-10-04,23.29,23.66
2011-10-05,24.03,25.37
2011-10-06,25.37,26.96
2011-10-07,26.98,26.99
2011-10-10,27.31,27.88
2011-10-11,27.51,27.61
2011-10-12,27.25,27.8
2011-10-13,27.63,27.94
2011-10-14,28.0,28.05
2011-10-17,27.86,27.42
2011-10-18,27.3,28.34
2011-10-19,28.02,27.57
2011-10-20,27.44,27.34
2011-10-21,27.4,28.03
2011-10-24,27.87,28.55
2011-10-25,28.23,28.25
2011-10-26,28.19,27.98
2011-10-27,28.34,28.76
2011-10-28,28.5,29.87
2011-10-31,29.5,29.37
2011-11-01,28.39,28.88
2011-11-02,29.0,28.71
2011-11-03,30.0,32.46
2011-11-04,31.46,32.31
2011-11-07,31.64,31.27
2011-11-08,31.37,31.84
2011-11-09,30.87,30.88
2011-11-10,30.94,31.33
2011-11-11,31.9,33.64
2011-11-14,33.0,33.22
2011-11-15,32.92,33.93
2011-11-16,33.48,34.94
2011-11-17,34.5,33.68
2011-11-18,33.64,32.6
2011-11-21,32.44,31.76
2011-11-22,31.76,32.07
2011-11-23,31.76,31.45
2011-11-25,31.55,31.66
2011-11-28,32.0,32.56
2011-11-29,32.49,31.75
2011-11-30,32.5,32.74
2011-12-01,32.57,32.6
2011-12-02,32.83,33.3
2011-12-05,33.53,34.42
2011-12-06,34.2,34.87
2011-12-07,34.63,34.19
2011-12-08,30.84,30.89
2011-12-09,30.54,31.04
2011-12-12,30.44,30.41
2011-12-13,30.57,29.45
2011-12-14,29.5,28.53
2011-12-15,28.67,28.62
2011-12-16,28.79,28.0
2011-12-19,28.09,27.75
2011-12-20,28.05,27.9
2011-12-21,27.91,27.57
2011-12-22,27.6,27.77
2011-12-23,28.0,27.9
2011-12-27,27.66,28.57
2011-12-28,28.99,28.51
2011-12-29,28.59,28.73
2011-12-30,28.49,28.56
2012-01-03,28.94,28.08
2012-01-04,28.21,27.71
2012-01-05,27.76,27.12
2012-01-06,27.2,26.91
2012-01-09,27.0,27.25
2012-01-10,27.44,27.62
2012-01-11,27.62,28.23
2012-01-12,28.48,28.25
2012-01-13,28.4,22.79
2012-01-17,26.62,26.6
2012-01-18,26.69,26.81
2012-01-19,27.19,26.76
2012-01-20,26.9,26.6
2012-01-23,26.81,26.77
2012-01-24,26.63,27.42
2012-01-25,27.27,27.97
2012-01-26,28.07,28.94
2012-01-27,28.5,29.33
2012-01-30,29.49,29.57
2012-01-31,29.9,29.07
2012-02-01,29.07,29.58
2012-02-02,29.72,30.25
2012-02-03,30.41,31.15
2012-02-06,31.1,31.8
2012-02-07,31.8,31.6
2012-02-08,31.6,31.93
2012-02-09,32.0,32.58
2012-02-10,32.26,31.1
2012-02-13,31.55,31.49
2012-02-14,31.74,33.17
2012-02-15,33.1,33.6
2012-02-16,33.5,34.18
2012-02-17,33.99,34.97
2012-02-21,34.87,34.5
2012-02-22,34.5,34.22
2012-02-23,33.86,34.53
2012-02-24,34.23,33.75
2012-02-27,33.41,33.62
2012-02-28,33.64,33.81
2012-02-29,33.81,33.41
2012-03-01,33.51,34.41
2012-03-02,34.4,34.04
2012-03-05,34.35,33.77
2012-03-06,33.25,33.11
2012-03-07,33.12,33.12
2012-03-08,33.11,33.07
2012-03-09,33.2,34.74
2012-03-12,34.69,36.01
2012-03-13,36.51,36.09
2012-03-14,36.0,35.29
2012-03-15,35.28,35.0
2012-03-16,34.9,35.32
2012-03-19,35.26,34.98
2012-03-20,34.98,34.96
2012-03-21,34.94,35.15
2012-03-22,34.97,34.4
2012-03-23,34.26,34.08
2012-03-26,35.59,37.4
2012-03-27,37.16,37.94
2012-03-28,37.78,37.85
2012-03-29,38.19,37.33
2012-03-30,37.52,37.24
2012-04-02,37.33,36.58
2012-04-03,36.7,38.01
2012-04-04,35.27,35.0
2012-04-05,35.1,34.48
2012-04-09,34.1,33.15
2012-04-10,33.15,32.46
2012-04-11,33.24,33.09
2012-04-12,33.77,33.44
2012-04-13,33.94,33.59
2012-04-16,33.41,32.25
2012-04-17,32.43,32.24
2012-04-18,32.09,32.66
2012-04-19,32.75,33.16
2012-04-20,33.14,33.16
2012-04-23,32.86,31.94
2012-04-24,31.82,31.82
2012-04-25,32.07,32.91
2012-04-26,32.96,33.49
2012-04-27,33.6,33.34
2012-04-30,33.27,33.13
2012-05-01,33.13,33.78
2012-05-02,33.5,33.94
2012-05-03,33.91,32.46
2012-05-04,32.2,31.83
2012-05-07,31.96,32.47
2012-05-08,32.5,30.19
2012-05-09,30.3,30.06
2012-05-10,32.97,32.96
2012-05-11,32.49,32.25
2012-05-14,31.92,30.06
2012-05-15,30.26,29.43
2012-05-16,29.58,29.18
2012-05-17,29.3,28.57
2012-05-18,28.37,27.56
2012-05-21,27.58,28.77
2012-05-22,30.1,30.79
2012-05-23,30.56,31.02
2012-05-24,31.25,30.32
2012-05-25,30.16,29.81
2012-05-29,30.01,31.69
2012-05-30,31.08,30.41
2012-05-31,30.07,29.5
2012-06-01,28.53,28.15
2012-06-04,28.03,27.88
2012-06-05,27.84,27.91
2012-06-06,28.2,29.22
2012-06-07,29.81,28.93
2012-06-08,28.86,30.08
2012-06-11,30.31,29.12
2012-06-12,29.23,29.66
2012-06-13,29.55,29.77
2012-06-14,30.18,29.39
2012-06-15,29.39,29.91
2012-06-18,29.94,31.84
2012-06-19,32.02,32.09
2012-06-20,33.5,33.78
2012-06-21,34.26,32.19
2012-06-22,32.6,33.785
2012-06-25,33.94,33.11
2012-06-26,32.05,31.61
2012-06-27,31.9,31.96
2012-06-28,31.9,31.41
2012-06-29,32.8,31.29
2012-07-02,31.35,30.4
2012-07-03,30.6,30.66
2012-07-05,30.81,31.23
2012-07-06,30.99,30.99
2012-07-09,30.94,31.49
2012-07-10,31.54,31.27
2012-07-11,31.57,31.51
2012-07-12,31.29,32.7
2012-07-13,32.97,34.25
2012-07-16,34.32,35.96
2012-07-17,35.0,33.35
2012-07-18,31.42,32.15
2012-07-19,32.72,32.27
2012-07-20,32.07,31.79
2012-07-23,31.05,30.66
2012-07-24,30.66,29.84
2012-07-25,29.92,28.95
2012-07-26,29.9,28.13
2012-07-27,28.71,29.51
2012-07-30,29.51,27.35
2012-07-31,27.54,27.42
2012-08-01,27.99,26.25
2012-08-02,26.84,26.1
2012-08-03,26.9,27.27
2012-08-06,27.55,28.27
2012-08-07,28.77,30.25
2012-08-08,29.9,29.09
2012-08-09,29.52,29.41
2012-08-10,29.31,29.94
2012-08-13,29.69,31.17
2012-08-14,30.75,29.42
2012-08-15,29.39,29.4
2012-08-16,29.53,30.3
2012-08-17,30.29,30.01
2012-08-20,30.15,29.51
2012-08-21,29.58,29.11
2012-08-22,29.01,29.95
2012-08-23,30.0,30.73
2012-08-24,30.06,29.5
2012-08-27,29.57,28.32
2012-08-28,28.4,28.69
2012-08-29,28.49,28.41
2012-08-30,28.6,28.41
2012-08-31,28.61,28.52
2012-09-04,28.52,28.14
2012-09-05,28.01,27.94
2012-09-06,28.0,28.55
2012-09-07,28.55,29.35
2012-09-10,29.2,27.37
2012-09-11,27.76,27.8
2012-09-12,27.9,28.28
2012-09-13,28.57,29.48
2012-09-14,30.0,30.39
2012-09-17,32.35,32.54
2012-09-18,31.88,31.34
2012-09-19,31.0,31.05
2012-09-20,30.93,30.9
2012-09-21,31.1,30.02
2012-09-24,29.51,30.66
2012-09-25,28.62,27.66
2012-09-26,27.67,27.54
2012-09-27,27.75,28.49
2012-09-28,28.73,29.28
2012-10-01,29.5,29.16
2012-10-02,29.28,29.8
2012-10-03,29.75,29.3
2012-10-04,30.0,29.4
2012-10-05,29.7,28.89
2012-10-08,28.86,29.25
2012-10-09,29.12,28.37
2012-10-10,28.39,28.4
2012-10-11,28.96,28.32
2012-10-12,28.32,27.64
2012-10-15,28.0,27.33
2012-10-16,27.67,28.06
2012-10-17,28.25,28.8191
2012-10-18,28.99,28.04
2012-10-19,27.83,27.74
2012-10-22,27.99,27.85
2012-10-23,27.38,28.39
2012-10-24,28.52,27.42
2012-10-25,27.8,27.52
2012-10-26,27.53,27.38
2012-10-31,27.7,28.1314
2012-11-01,28.25,29.2454
2012-11-02,29.27,28.9182
2012-11-05,29.8,31.5
2012-11-06,30.61,31.15
2012-11-07,31.0,31.54
2012-11-08,31.01,31.31
2012-11-09,30.6,30.32
2012-11-12,30.29,31.07
2012-11-13,31.29,31.6143
2012-11-14,31.96,31.38
2012-11-15,31.3,30.82
2012-11-16,31.15,31.8399
2012-11-19,32.07,32.92
2012-11-20,32.8,33.0
2012-11-21,32.61,32.47
2012-11-23,32.6,32.13
2012-11-26,32.1,32.27
2012-11-27,32.13,32.15
2012-11-28,32.0,33.23
2012-11-29,33.44,33.69
2012-11-30,33.63,33.82
2012-12-03,33.89,34.62
2012-12-04,34.08,33.9
2012-12-05,33.82,33.71
2012-12-06,33.82,33.9
2012-12-07,34.3,34.17
2012-12-10,34.43,34.57
2012-12-11,34.6,35.28
2012-12-12,35.21,35.26
2012-12-13,35.26,33.61
2012-12-14,33.6,33.81
2012-12-17,33.77,34.4
2012-12-18,34.26,34.59
2012-12-19,34.75,34.61
2012-12-20,34.51,34.43
2012-12-21,33.94,34.0
2012-12-24,33.64,34.28
2012-12-26,33.96,33.59
2012-12-27,33.5,33.69
2012-12-28,33.38,33.22
2012-12-31,33.0,33.87
2013-01-02,35.0,35.36
2013-01-03,35.18,34.77
2013-01-04,34.8,34.4
2013-01-07,34.8,34.34
2013-01-08,34.5,33.68
2013-01-09,34.01,33.64
2013-01-10,33.87,33.53
2013-01-11,34.04,32.91
2013-01-14,33.08,33.26
2013-01-15,33.11,33.9
2013-01-16,33.85,34.1
2013-01-17,34.16,34.38
2013-01-18,34.74,34.52
2013-01-22,34.56,35.19
2013-01-23,35.02,36.0
2013-01-24,36.0,36.99
2013-01-25,37.0,36.98
2013-01-28,36.86,38.03
2013-01-29,38.1,37.95
2013-01-30,37.85,37.52
2013-01-31,37.87,37.51
2013-02-01,38.17,38.3
2013-02-04,38.4,37.74
2013-02-05,38.0,38.13
2013-02-06,38.18,39.17
2013-02-07,39.19,39.48
2013-02-08,39.45,39.24
2013-02-11,37.98,38.42
2013-02-12,38.45,37.89
2013-02-13,38.3,38.45
2013-02-14,38.64,38.3
2013-02-15,38.5,37.04
2013-02-19,37.36,39.28
2013-02-20,39.3,38.54
2013-02-21,36.49,35.16
2013-02-22,35.72,36.11
2013-02-25,36.15,34.38
2013-02-26,34.46,34.43
2013-02-27,34.41,35.1
2013-02-28,35.89,34.83
2013-03-01,35.0,34.65
2013-03-04,34.77,35.58
2013-03-05,36.0,36.65
2013-03-06,37.01,37.69
2013-03-07,37.73,38.23
2013-03-08,38.06,38.47
2013-03-11,38.87,39.1
2013-03-12,38.9,39.12
2013-03-13,39.0,38.98
2013-03-14,38.9,36.85
2013-03-15,36.64,35.29
2013-03-18,35.3,35.15
2013-03-19,35.25,35.08
2013-03-20,35.26,35.95
2013-03-21,35.95,36.01
2013-03-22,36.2,36.62
2013-03-25,37.1,37.53
2013-03-26,37.98,37.86
2013-03-27,37.94,38.16
2013-03-28,38.23,37.89
2013-04-01,42.36,43.93
2013-04-02,43.6,44.34
2013-04-03,43.1,41.1
2013-04-04,41.11,42.01
2013-04-05,42.0,41.37
2013-04-08,41.97,41.83
2013-04-09,41.8,40.5
2013-04-10,40.7,41.86
2013-04-11,42.06,43.59
2013-04-12,43.25,43.75
2013-04-15,43.5,43.3
2013-04-16,44.19,45.59
2013-04-17,45.5,45.45
2013-04-18,45.98,46.97
2013-04-19,47.46,47.83
2013-04-22,48.6,50.19
2013-04-23,51.0,51.01
2013-04-24,50.9,50.43
2013-04-25,50.5,52.0
2013-04-26,53.13,51.2
2013-04-29,51.76,54.94
2013-04-30,56.0,53.99
2013-05-01,55.99,53.28
2013-05-02,53.85,54.11
2013-05-03,56.47,54.55
2013-05-06,56.39,59.5
2013-05-07,62.0,55.51
2013-05-08,57.5,55.7865
2013-05-09,70.12,69.4
2013-05-10,69.65,76.764
2013-05-13,80.99,87.8
2013-05-14,94.22,83.24
2013-05-15,81.8,84.842
2013-05-16,94.7,92.248
2013-05-17,92.5,91.5
2013-05-20,91.12,89.94
2013-05-21,88.5,87.59
2013-05-22,86.37,87.24
2013-05-23,84.805,92.73
2013-05-24,92.6,97.08
2013-05-28,101.55,110.334
2013-05-29,113.55,104.629
2013-05-30,102.46,104.95
2013-05-31,106.26,97.76
2013-06-03,97.62,92.59
2013-06-04,92.75,94.84
2013-06-05,93.66,95.37
2013-06-06,95.25,97.35
2013-06-07,98.0,102.04
2013-06-10,98.93,100.05
2013-06-11,98.18,94.47
2013-06-12,96.8,97.73
2013-06-13,99.0,98.18
2013-06-14,100.0,100.3
2013-06-17,103.6,102.2
2013-06-18,101.75,103.39
2013-06-19,102.06,104.68
2013-06-20,104.65,100.65
2013-06-21,103.7,99.55
2013-06-24,96.5,101.49
2013-06-25,103.1,102.4
2013-06-26,103.8,105.72
2013-06-27,106.75,109.25
2013-06-28,108.57,107.36
2013-07-01,109.36,117.179
2013-07-02,118.255,117.82
2013-07-03,118.0,115.24
2013-07-05,118.32,120.09
2013-07-08,121.37,121.61
2013-07-09,124.64,123.45
2013-07-10,123.19,122.27
2013-07-11,124.88,125.61
2013-07-12,125.5,129.9
2013-07-15,133.03,127.26
2013-07-16,126.28,109.05
2013-07-17,106.52,120.25
2013-07-18,120.97,119.03
2013-07-19,118.5,119.68
2013-07-22,119.89,122.43
2013-07-23,124.0,122.74
2013-07-24,124.47,121.7
2013-07-25,120.4,124.07
2013-07-26,128.14,129.39
2013-07-29,129.32,134.62
2013-07-30,134.8,131.74
2013-07-31,132.57,134.28
2013-08-01,135.0,135.55
2013-08-02,134.59,138.0
2013-08-05,140.01,144.68
2013-08-06,144.75,142.15
2013-08-07,141.89,134.23
2013-08-08,154.355,153.48
2013-08-09,152.4,153.0
2013-08-12,149.43,147.38
2013-08-13,149.5,145.43
2013-08-14,142.72,139.36
2013-08-15,136.4301,139.67
2013-08-16,141.63,142.0
2013-08-19,143.4269,144.9
2013-08-20,148.65,149.58
2013-08-21,150.0,147.86
2013-08-22,149.22,157.1
2013-08-23,157.0,161.839
2013-08-26,165.15,164.22
2013-08-27,162.3,167.01
2013-08-28,169.06,166.45
2013-08-29,164.215,166.06
2013-08-30,166.37,169.0
2013-09-03,173.4,168.94
2013-09-04,169.77,170.622
2013-09-05,170.1,169.93
2013-09-06,168.57,166.97
2013-09-09,163.12,160.7
2013-09-10,161.45,166.37
2013-09-11,166.41,163.52
2013-09-12,164.0,164.93
2013-09-13,162.77,165.54
2013-09-16,168.0,166.58
2013-09-17,165.08,166.23
2013-09-18,167.07,166.218
2013-09-19,170.8,177.92
2013-09-20,178.9,183.39
2013-09-23,184.48,181.11
2013-09-24,179.1401,182.33
2013-09-25,183.56,185.238
2013-09-26,186.7,188.64
2013-09-27,187.52,190.9
2013-09-30,189.0,193.37
2013-10-01,193.96,193.0
2013-10-02,188.59,180.95
2013-10-03,175.045,173.31
2013-10-04,176.4,180.98
2013-10-07,182.46,183.07
2013-10-08,184.4,174.73
2013-10-09,174.73,168.78
2013-10-10,173.09,172.93
2013-10-11,172.75,178.7
2013-10-14,175.0,179.72
2013-10-15,185.28,183.94
2013-10-16,184.9,183.56
2013-10-17,183.54,182.802
2013-10-18,184.15,183.4
2013-10-21,183.28,172.6
2013-10-22,170.5,171.54
2013-10-23,168.91,164.5
2013-10-24,165.0,173.15
2013-10-25,174.21,169.66
2013-10-28,170.18,162.86
2013-10-29,162.76,164.47
2013-10-30,164.63,159.22
2013-10-31,155.67,159.94
2013-11-01,163.0,162.17
2013-11-04,165.0,175.2
2013-11-05,180.0,176.81
2013-11-06,154.81,151.16
2013-11-07,144.19,139.772
2013-11-08,136.48,137.95
2013-11-11,141.0,144.698
2013-11-12,144.69,137.8
2013-11-13,140.84,138.7
2013-11-14,138.92,137.6
2013-11-15,136.85,135.45
2013-11-18,135.27,121.58
2013-11-19,119.43,126.09
2013-11-20,126.08,121.11
2013-11-21,122.89,122.1
2013-11-22,121.58,121.38
2013-11-25,124.5,120.84
2013-11-26,119.38,120.5
2013-11-27,121.6,126.94
2013-11-29,129.77,127.28
2013-12-02,126.35,124.17
2013-12-03,132.68,144.7
2013-12-04,144.32,138.95
2013-12-05,140.15,140.48
2013-12-06,141.51,137.36
2013-12-09,137.0,141.6
2013-12-10,140.05,142.19
2013-12-11,141.88,139.65
2013-12-12,139.7,147.47
2013-12-13,148.05,147.654
2013-12-16,148.48,147.94
2013-12-17,147.58,152.46
2013-12-18,152.24,147.98
2013-12-19,146.9,140.72
2013-12-20,141.58,143.24
2013-12-23,144.85,143.55
2013-12-24,150.0,151.41
2013-12-26,155.04,155.5
2013-12-27,155.3,151.12
2013-12-30,151.12,152.44
2013-12-31,152.32,150.429
2014-01-02,149.8,150.1
2014-01-03,150.0,149.56
2014-01-06,150.0,147.0
2014-01-07,147.62,149.36
2014-01-08,148.85,151.28
2014-01-09,152.5,147.53
2014-01-10,148.46,145.7199
2014-01-13,145.78,139.34
2014-01-14,140.5,161.27
2014-01-15,168.45,164.13
2014-01-16,162.5,170.97
2014-01-17,170.19,170.01
2014-01-21,171.24,176.68
2014-01-22,177.81,178.56
2014-01-23,177.23,181.5
2014-01-24,177.85,174.6
2014-01-27,175.16,169.62
2014-01-28,171.5,178.38
2014-01-29,175.3,175.23
2014-01-30,178.0,182.84
2014-01-31,178.85,181.41
2014-02-03,182.89,177.11
2014-02-04,180.7,178.73
2014-02-05,178.3,174.42
2014-02-06,176.3,178.38
2014-02-07,181.01,186.53
2014-02-10,189.34,196.56
2014-02-11,199.19,196.62
2014-02-12,195.78,195.32
2014-02-13,193.34,199.63
2014-02-14,198.1,198.23
2014-02-18,205.244,203.7
2014-02-19,203.7,193.64
2014-02-20,215.01,209.97
2014-02-21,211.64,209.6
2014-02-24,208.7599,217.65
2014-02-25,230.0,248.0
2014-02-26,258.58,253.0
2014-02-27,261.25,252.54
2014-02-28,249.65,244.81
2014-03-03,237.26,250.56
2014-03-04,258.48,254.84
2014-03-05,256.72,252.66
2014-03-06,254.14,252.94
2014-03-07,252.94,246.21
2014-03-10,242.7,238.84
2014-03-11,236.5,234.41
2014-03-12,231.5,241.49
2014-03-13,243.79,237.79
2014-03-14,235.29,230.97
2014-03-17,234.95,233.98
2014-03-18,236.95,240.04
2014-03-19,241.39,235.84
2014-03-20,236.16,234.91
2014-03-21,236.02,228.89
2014-03-24,229.75,220.17
2014-03-25,224.14,220.44
2014-03-26,221.95,212.96
2014-03-27,212.37,207.32
2014-03-28,212.8,212.37
2014-03-31,216.5,208.45
2014-04-01,209.02,216.97
2014-04-02,220.0,230.29
2014-04-03,230.3,225.4
2014-04-04,226.01,212.225
2014-04-07,205.81,207.52
2014-04-08,210.05,215.46
2014-04-09,216.76,216.93
2014-04-10,216.82,204.19
2014-04-11,200.61,203.78
2014-04-14,207.6,198.09
2014-04-15,199.09,193.91
2014-04-16,197.0,199.11
2014-04-17,199.61,198.12
2014-04-21,197.08,204.38
2014-04-22,206.36,218.64
2014-04-23,216.33,207.99
2014-04-24,210.81,207.86
2014-04-25,202.0,199.85
2014-04-28,200.0,198.51
2014-04-29,198.21,206.92
2014-04-30,203.6,207.89
2014-05-01,207.08,207.73
2014-05-02,208.6,210.91
2014-05-05,209.48,216.61
2014-05-06,216.6,207.28
2014-05-07,209.64,201.35
2014-05-08,182.0,178.59
2014-05-09,179.86,182.26
2014-05-12,183.87,184.67
2014-05-13,183.76,190.16
2014-05-14,188.95,190.62
2014-05-15,189.98,188.59
2014-05-16,188.95,191.56
2014-05-19,190.72,196.09
2014-05-20,196.94,195.3
2014-05-21,196.18,199.45
2014-05-22,200.35,204.88
2014-05-23,204.53,207.3
2014-05-27,208.52,211.56
2014-05-28,210.02,210.24
2014-05-29,210.57,210.24
2014-05-30,210.3,207.77
2014-06-02,207.33,204.7
2014-06-03,203.49,204.94
2014-06-04,204.35,203.99
2014-06-05,204.47,206.9
2014-06-06,209.75,208.171
2014-06-09,207.95,205.31
2014-06-10,204.43,202.3
2014-06-11,201.5,204.47
2014-06-12,205.1,203.52
2014-06-13,204.78,206.42
2014-06-16,206.76,224.61
2014-06-17,224.11,231.67
2014-06-18,231.5,227.12
2014-06-19,228.88,227.79
2014-06-20,228.52,229.59
2014-06-23,229.51,237.22
2014-06-24,238.97,232.5
2014-06-25,233.05,236.891
2014-06-26,237.17,235.6
2014-06-27,234.69,239.06
2014-06-30,239.55,240.06
2014-07-01,242.46,239.72
2014-07-02,240.66,229.425
2014-07-03,231.29,229.25
2014-07-07,227.5,222.66
2014-07-08,218.65,219.07
2014-07-09,221.27,223.06
2014-07-10,217.18,219.46
2014-07-11,220.61,218.13
2014-07-14,219.99,226.7
2014-07-15,226.73,219.58
2014-07-16,221.82,217.16
2014-07-17,216.16,215.4
2014-07-18,215.95,220.0201
2014-07-21,217.25,220.54
2014-07-22,222.19,219.58
2014-07-23,220.01,222.49
2014-07-24,223.25,223.54
2014-07-25,222.72,223.57
2014-07-28,224.25,224.82
2014-07-29,226.61,225.01
2014-07-30,221.92,228.92
2014-07-31,229.26,223.3
2014-08-01,226.09,233.27
2014-08-04,234.38,238.52
2014-08-05,237.47,238.49
2014-08-06,238.9,248.9301
2014-08-07,250.12,252.39
2014-08-08,251.16,248.13
2014-08-11,255.48,259.32
2014-08-12,258.08,259.96
2014-08-13,262.01,260.31
2014-08-14,262.49,261.38
2014-08-15,261.48,262.01
2014-08-18,263.25,259.94
2014-08-19,258.87,256.76
2014-08-20,254.67,255.71
2014-08-21,256.52,254.34
2014-08-22,254.54,256.78
2014-08-25,258.19,262.55
2014-08-26,264.98,261.74
2014-08-27,263.5,263.25
2014-08-28,261.89,263.86
2014-08-29,268.7,269.7
2014-09-02,275.5,284.12
2014-09-03,287.67,281.19
2014-09-04,284.01,286.04
2014-09-05,282.55,277.39
2014-09-08,277.62,282.11
2014-09-09,282.99,278.48
2014-09-10,279.5,281.1
2014-09-11,280.46,280.31
2014-09-12,280.5,279.2
2014-09-15,274.37,253.86
2014-09-16,255.15,260.74
2014-09-17,262.41,261.38
2014-09-18,263.36,263.82
2014-09-19,257.99,259.32
2014-09-22,255.0,250.03
2014-09-23,245.22,250.41
2014-09-24,251.12,252.14
2014-09-25,252.52,246.95
2014-09-26,248.25,246.6
2014-09-29,244.0,245.26
2014-09-30,246.92,242.68
2014-10-01,242.2,240.24
2014-10-02,250.2,251.42
2014-10-03,253.06,255.21
2014-10-06,259.13,260.62
2014-10-07,258.53,259.57
2014-10-08,260.1,259.28
2014-10-09,262.25,257.01
2014-10-10,244.64,236.91
2014-10-13,238.57,224.59
2014-10-14,228.25,227.06
2014-10-15,220.0,229.7
2014-10-16,219.72,226.35
2014-10-17,233.38,227.48
2014-10-20,226.72,230.47
2014-10-21,234.27,235.34
2014-10-22,233.19,231.1
2014-10-23,234.655,235.29
2014-10-24,236.27,235.24
2014-10-27,234.25,221.67
2014-10-28,229.6,242.77
2014-10-29,241.13,238.1
2014-10-30,238.14,238.66
2014-10-31,242.51,241.7
2014-11-03,243.0,242.59
2014-11-04,240.49,238.93
2014-11-05,241.0,230.97
2014-11-06,234.49,241.22
2014-11-07,242.19,240.2
2014-11-10,239.11,241.93
2014-11-11,242.55,251.08
2014-11-12,249.72,249.1
2014-11-13,250.62,251.7
2014-11-14,250.0,258.68
2014-11-17,257.49,253.98
2014-11-18,255.86,257.7
2014-11-19,250.61,247.74
2014-11-20,247.95,248.71
2014-11-21,252.21,242.78
2014-11-24,245.2,246.72
2014-11-25,247.35,248.09
2014-11-26,248.34,248.44
2014-11-28,245.35,244.52
2014-12-01,241.16,231.64
2014-12-02,234.57,231.43
2014-12-03,226.25,229.3
2014-12-04,228.6,228.28
2014-12-05,228.67,223.71
2014-12-08,221.54,214.36
2014-12-09,209.34,216.89
2014-12-10,214.13,209.84
2014-12-11,210.53,208.88
2014-12-12,204.82,207.0
2014-12-15,209.29,204.04
2014-12-16,200.89,197.81
2014-12-17,193.06,205.82
2014-12-18,212.38,218.26
2014-12-19,220.19,219.29
2014-12-22,220.0,222.6
2014-12-23,223.81,220.97
2014-12-24,219.77,222.26
2014-12-26,221.51,227.82
2014-12-29,226.9,225.71
2014-12-30,223.99,222.23
2014-12-31,223.09,222.41
2015-01-02,222.87,219.31
2015-01-05,214.55,210.09
2015-01-06,210.06,211.28
2015-01-07,213.35,210.95
2015-01-08,212.81,210.615
2015-01-09,208.92,206.66
2015-01-12,203.05,202.21
2015-01-13,203.32,204.25
2015-01-14,185.83,192.69
2015-01-15,194.49,191.87
2015-01-16,190.7,193.07
2015-01-20,193.87,191.93
2015-01-21,189.55,196.57
2015-01-22,197.0,201.62
2015-01-23,200.29,201.29
2015-01-26,201.83,206.55
2015-01-27,204.42,205.98
2015-01-28,206.11,199.37
2015-01-29,201.07,205.2
2015-01-30,203.96,203.6
2015-02-02,203.97,210.94
2015-02-03,213.22,218.36
2015-02-04,218.29,218.55
2015-02-05,219.88,220.99
2015-02-06,222.0,217.36
2015-02-09,215.38,217.48
2015-02-10,217.55,216.29
2015-02-11,212.21,212.8
2015-02-12,193.57,202.88
2015-02-13,202.9,203.77
2015-02-17,205.7,204.35
2015-02-18,204.17,204.46
2015-02-19,205.0,211.705
2015-02-20,210.78,217.11
2015-02-23,215.66,207.335
2015-02-24,207.29,204.11
2015-02-25,204.94,203.76
2015-02-26,204.0,207.19
2015-02-27,206.9,203.34
2015-03-02,202.7,197.325
2015-03-03,196.81,199.56
2015-03-04,199.25,202.435
2015-03-05,202.85,200.63
2015-03-06,199.21,193.88
2015-03-09,194.39,190.88
2015-03-10,188.46,190.32
2015-03-11,191.15,193.74
2015-03-12,193.75,191.07
2015-03-13,188.95,188.68
2015-03-16,192.0,195.7
2015-03-17,195.43,194.73
2015-03-18,194.96,200.71
2015-03-19,202.0,195.65
2015-03-20,197.45,198.08
2015-03-23,198.5,199.63
2015-03-24,201.58,201.72
2015-03-25,198.27,194.3
2015-03-26,193.92,190.405
2015-03-27,189.07,185.0
2015-03-30,185.85,190.57
2015-03-31,193.53,188.77
2015-04-01,188.7,187.59
2015-04-02,190.23,191.0
2015-04-06,198.0,203.1
2015-04-07,202.51,203.25
2015-04-08,208.2,207.67
2015-04-09,208.43,210.09
2015-04-10,209.85,210.9
2015-04-13,210.435,209.78
2015-04-14,208.57,207.46
2015-04-15,207.46,207.83
2015-04-16,207.7,206.7
2015-04-17,204.99,206.79
2015-04-20,206.78,205.27
2015-04-21,205.8,209.41
2015-04-22,212.5,219.44
2015-04-23,218.27,218.6
2015-04-24,220.5,218.425
2015-04-27,222.56,231.55
2015-04-28,234.75,230.48
2015-04-29,230.05,232.45
2015-04-30,230.39,226.05
2015-05-01,229.94,226.03
2015-05-04,228.18,230.51
2015-05-05,237.76,232.95
2015-05-06,234.1,230.43
2015-05-07,221.0,236.8
2015-05-08,235.99,236.61
2015-05-11,236.29,239.49
2015-05-12,240.11,244.74
2015-05-13,247.61,243.18
2015-05-14,244.82,244.1
2015-05-15,243.93,248.84
2015-05-18,247.0,248.75
2015-05-19,248.43,247.14
2015-05-20,247.13,244.35
2015-05-21,243.03,245.62
2015-05-22,245.38,247.73
2015-05-26,247.68,247.455
2015-05-27,248.51,247.43
2015-05-28,247.03,251.45
2015-05-29,251.0,250.8
2015-06-01,251.41,249.45
2015-06-02,248.92,248.35
2015-06-03,248.2,248.99
2015-06-04,247.5,245.92
2015-06-05,246.0,249.14
2015-06-08,250.85,256.29
2015-06-09,255.4,256.0
2015-06-10,251.9,250.7
2015-06-11,253.26,251.41
2015-06-12,250.21,250.69
2015-06-15,249.7,250.38
2015-06-16,250.13,253.12
2015-06-17,252.17,260.41
2015-06-18,262.0,261.89
2015-06-19,262.4,262.51
2015-06-22,262.15,259.79
2015-06-23,260.32,267.67
2015-06-24,266.98,265.17
2015-06-25,266.45,268.79
2015-06-26,268.89,267.09
2015-06-29,261.95,262.02
2015-06-30,264.8,268.26
2015-07-01,271.11,269.15
2015-07-02,280.195,280.02
2015-07-06,278.88,279.72
2015-07-07,275.0,267.88
2015-07-08,259.32,254.96
2015-07-09,259.08,257.92
2015-07-10,262.22,259.15
2015-07-13,262.25,262.16
2015-07-14,262.1,265.65
2015-07-15,266.74,263.14
2015-07-16,264.22,266.68
2015-07-17,272.5,274.66
2015-07-20,275.0,282.26
2015-07-21,270.05,266.77
2015-07-22,261.27,267.87
2015-07-23,269.65,267.2
2015-07-24,267.38,265.41
2015-07-27,262.43,253.01
2015-07-28,255.75,264.82
2015-07-29,264.27,263.82
2015-07-30,262.69,266.79
2015-07-31,267.6,266.15
2015-08-03,266.29,259.99
2015-08-04,260.01,266.28
2015-08-05,263.58,270.13
2015-08-06,249.54,246.13
2015-08-07,243.58,242.51
2015-08-10,238.15,241.14
2015-08-11,237.15,237.37
2015-08-12,235.0,238.17
2015-08-13,239.86,242.51
2015-08-14,247.24,243.15
2015-08-17,255.56,254.99
2015-08-18,255.38,260.72
2015-08-19,260.33,255.25
2015-08-20,252.06,242.18
2015-08-21,236.0,230.77
2015-08-24,202.79,218.87
2015-08-25,230.52,220.03
2015-08-26,227.93,224.84
2015-08-27,231.0,242.99
2015-08-28,241.86,248.48
2015-08-31,245.77,249.06
2015-09-01,240.34,238.63
2015-09-02,245.14,247.69
2015-09-03,252.06,245.57
2015-09-04,240.89,241.93
2015-09-08,245.05,248.17
2015-09-09,252.05,248.91
2015-09-10,247.23,248.48
2015-09-11,247.64,250.24
2015-09-14,251.1,253.19
2015-09-15,252.75,253.57
2015-09-16,253.04,262.25
2015-09-17,263.96,262.07
2015-09-18,257.96,260.62
2015-09-21,263.98,264.2
2015-09-22,259.03,260.94
2015-09-23,261.95,261.06
2015-09-24,259.53,263.12
2015-09-25,266.61,256.91
2015-09-28,257.35,248.43
2015-09-29,250.46,246.65
2015-09-30,252.0,248.4
2015-10-01,247.51,239.88
2015-10-02,235.6,247.57
2015-10-05,248.84,246.15
2015-10-06,240.0,241.46
2015-10-07,236.63,231.96
2015-10-08,230.08,226.72
2015-10-09,220.93,220.69
2015-10-12,222.99,215.58
2015-10-13,213.28,219.25
2015-10-14,220.67,216.88
2015-10-15,216.43,221.31
2015-10-16,223.04,227.01
2015-10-19,226.5,228.1
2015-10-20,227.72,213.03
2015-10-21,211.99,210.09
2015-10-22,211.56,211.72
2015-10-23,215.0,209.09
2015-10-26,211.38,215.26
2015-10-27,214.84,210.35
2015-10-28,211.31,212.96
2015-10-29,211.75,211.63
2015-10-30,210.4,206.93
2015-11-02,208.92,213.79
2015-11-03,213.85,208.35
2015-11-04,227.0,231.63
2015-11-05,230.58,231.77
2015-11-06,230.7,232.36
2015-11-09,232.99,225.33
2015-11-10,223.48,216.5
2015-11-11,217.77,219.08
2015-11-12,217.85,212.94
2015-11-13,212.95,207.19
2015-11-16,206.09,214.31
2015-11-17,215.2,214.0
2015-11-18,214.5,221.07
2015-11-19,220.54,221.8
2015-11-20,223.49,220.01
2015-11-23,217.35,217.75
2015-11-24,215.37,218.25
2015-11-25,221.34,229.64
2015-11-27,231.06,231.61
2015-11-30,231.79,230.26
2015-12-01,231.06,237.19
2015-12-02,237.0,231.99
2015-12-03,235.48,232.71
2015-12-04,232.46,230.38
2015-12-07,227.7,231.13
2015-12-08,227.52,226.72
2015-12-09,226.7,224.52
2015-12-10,224.71,227.07
2015-12-11,225.24,217.02
2015-12-14,217.51,218.58
2015-12-15,221.82,221.09
2015-12-16,222.1,234.51
2015-12-17,233.94,233.39
2015-12-18,232.89,230.46
2015-12-21,231.69,232.56
2015-12-22,234.99,229.95
2015-12-23,232.18,229.7
2015-12-24,230.56,230.57
2015-12-28,231.49,228.95
2015-12-29,230.06,237.19
2015-12-30,236.6,238.09
2015-12-31,238.51,240.01
2016-01-04,230.72,223.41
2016-01-05,226.36,223.43
2016-01-06,220.0,219.04
2016-01-07,214.19,215.65
2016-01-08,217.86,211.0
2016-01-11,214.01,207.85
2016-01-12,211.6,209.97
2016-01-13,212.01,200.31
2016-01-14,202.21,206.18
2016-01-15,198.97,204.99
2016-01-19,208.71,204.72
2016-01-20,199.4,198.7
2016-01-21,201.55,199.97
2016-01-22,204.8005,202.55
2016-01-25,200.06,196.38
2016-01-26,196.7,193.56
2016-01-27,192.38,188.07
2016-01-28,190.79,189.7
2016-01-29,189.95,191.2
2016-02-01,188.76,196.94
2016-02-02,192.42,182.78
2016-02-03,183.59,173.48
2016-02-04,170.7,175.33
2016-02-05,171.3,162.6
2016-02-08,157.105,147.99
2016-02-09,142.32,148.25
2016-02-10,150.5,143.67
2016-02-11,152.0,150.47
2016-02-12,155.0,151.04
2016-02-16,158.7,155.17
2016-02-17,159.0,168.68
2016-02-18,172.42,166.77
2016-02-19,163.66,166.58
2016-02-22,170.12,177.74
2016-02-23,176.16,177.21
2016-02-24,172.75,179.0
2016-02-25,178.65,187.43
2016-02-26,188.7,190.34
2016-02-29,192.4,191.93
2016-03-01,194.25,186.35
2016-03-02,183.73,188.34
2016-03-03,188.28,195.74
2016-03-04,198.0,201.04
2016-03-07,197.68,205.29
2016-03-08,203.5,202.6
2016-03-09,204.52,208.72
2016-03-10,210.0,205.18
2016-03-11,207.93,207.5
2016-03-14,212.65,215.15
2016-03-15,214.27,218.34
2016-03-16,218.0,221.93
2016-03-17,221.47,226.38
2016-03-18,229.1,232.74
2016-03-21,235.34,238.32
2016-03-22,237.21,234.24
2016-03-23,232.37,222.58
2016-03-24,215.78,227.75
2016-03-28,231.61,230.26
2016-03-29,229.89,230.13
2016-03-30,235.09,226.89
2016-03-31,229.34,229.77
2016-04-01,244.825,237.59
2016-04-04,249.12,246.99
2016-04-05,240.5,255.47
2016-04-06,253.97,265.42
2016-04-07,266.45,257.2
2016-04-08,260.5,250.07
2016-04-11,251.0,249.92
2016-04-12,249.5,247.82
2016-04-13,248.51,254.53
2016-04-14,253.0,251.86
2016-04-15,251.31,254.51
2016-04-18,252.23,253.88
2016-04-19,253.12,247.37
2016-04-20,246.26,249.97
2016-04-21,248.99,248.29
2016-04-22,248.89,253.75
2016-04-25,253.01,251.82
2016-04-26,252.05,253.74
2016-04-27,252.75,251.47
2016-04-28,249.85,247.71
2016-04-29,248.14,240.76
2016-05-02,241.5,241.8
2016-05-03,237.36,232.32
2016-05-04,230.29,222.56
2016-05-05,228.46,211.53
2016-05-06,210.87,214.93
2016-05-09,215.72,208.92
2016-05-10,207.55,208.69
2016-05-11,207.59,208.96
2016-05-12,211.44,207.28
2016-05-13,207.78,207.61
2016-05-16,208.15,208.29
2016-05-17,209.05,204.66
2016-05-18,209.15,211.17
2016-05-19,213.62,215.21
2016-05-20,216.99,220.28
2016-05-23,219.87,216.22
2016-05-24,216.6,217.91
2016-05-25,217.91,219.58
2016-05-26,220.5,225.12
2016-05-27,224.99,223.04
2016-05-31,223.04,223.23
2016-06-01,221.48,219.56
2016-06-02,219.59,218.96
2016-06-03,220.0,218.99
2016-06-06,218.0,220.68
2016-06-07,222.24,232.34
2016-06-08,233.8,235.52
2016-06-09,234.98,229.36
2016-06-10,227.39,218.79
2016-06-13,219.5,217.87
2016-06-14,218.88,214.96
2016-06-15,216.95,217.7
2016-06-16,217.42,217.93
2016-06-17,217.81,215.47
2016-06-20,219.5,219.7
2016-06-21,220.68,219.61
2016-06-22,199.47,196.66
2016-06-23,195.69,196.4
2016-06-24,190.05,193.15
2016-06-27,190.86,198.55
2016-06-28,201.89,201.79
2016-06-29,205.13,210.19
2016-06-30,212.97,212.28
2016-07-01,206.14,216.5
2016-07-05,209.73,213.98
2016-07-06,210.0,214.44
2016-07-07,213.1,215.94
2016-07-08,217.8,216.78
2016-07-11,219.96,224.78
2016-07-12,224.1,224.65
2016-07-13,225.5,222.53
2016-07-14,223.12,221.53
2016-07-15,222.52,220.4
2016-07-18,219.64,226.25
2016-07-19,225.0,225.26
2016-07-20,226.47,228.36
2016-07-21,226.0,220.5
2016-07-22,221.99,222.27
2016-07-25,222.27,230.01
2016-07-26,227.69,229.51
2016-07-27,229.34,228.49
2016-07-28,227.95,230.61
2016-07-29,230.7,234.79
2016-08-01,235.5,230.01
2016-08-02,229.37,227.2
2016-08-03,227.37,225.79
2016-08-04,225.69,230.61
2016-08-05,230.0,230.03
2016-08-08,228.0,226.16
2016-08-09,226.82,229.08
2016-08-10,228.24,225.65
2016-08-11,226.17,224.91
2016-08-12,225.41,225.61
2016-08-15,226.02,225.59
2016-08-16,225.49,223.61
2016-08-17,224.33,223.24
2016-08-18,223.82,223.51
2016-08-19,223.54,225.0
2016-08-22,224.17,222.93
2016-08-23,224.32,224.84
2016-08-24,227.05,222.62
2016-08-25,223.11,220.96
2016-08-26,222.14,219.99
2016-08-29,220.15,215.2
2016-08-30,216.11,211.34
2016-08-31,210.43,212.01
2016-09-01,209.01,200.77
2016-09-02,202.33,197.78
2016-09-06,199.02,202.83
2016-09-07,205.5,201.71
2016-09-08,199.55,197.36
2016-09-09,199.09,194.47
2016-09-12,195.0,198.3
2016-09-13,197.06,196.05
2016-09-14,195.75,196.41
2016-09-15,196.49,200.42
2016-09-16,200.42,205.4
2016-09-19,207.0,206.34
2016-09-20,206.85,204.64
2016-09-21,206.37,205.22
2016-09-22,206.4,206.43
2016-09-23,205.99,207.45
2016-09-26,206.5,208.99
2016-09-27,209.65,205.81
2016-09-28,207.51,206.27
2016-09-29,205.6,200.7
2016-09-30,202.21,204.03
2016-10-03,212.3,213.7
2016-10-04,213.1,211.41
2016-10-05,212.24,208.46
2016-10-06,202.46,201.0
2016-10-07,201.0,196.61
2016-10-10,201.35,200.95
2016-10-11,201.85,200.1
2016-10-12,200.95,201.51
2016-10-13,200.5,200.24
2016-10-14,200.66,196.51
2016-10-17,197.05,193.96
2016-10-18,195.99,199.1
2016-10-19,199.74,203.56
2016-10-20,202.12,199.1
2016-10-21,198.6,200.09
2016-10-24,201.0,202.76
2016-10-25,202.9,202.34
2016-10-26,201.0,202.24
2016-10-27,211.34,204.01
2016-10-28,204.0,199.97
2016-10-31,202.49,197.73
2016-11-01,198.04,190.79
2016-11-02,190.05,188.02
2016-11-03,189.0,187.42
2016-11-04,189.0,190.56
2016-11-07,193.59,193.21
2016-11-08,193.79,194.94
2016-11-09,186.875,190.06
2016-11-10,191.05,185.35
2016-11-11,184.24,188.56
2016-11-14,188.0,181.45
2016-11-15,182.78,183.77
2016-11-16,182.65,183.93
2016-11-17,183.49,188.66
2016-11-18,190.65,185.02
2016-11-21,185.04,184.52
2016-11-22,185.84,191.17
2016-11-23,190.61,193.14
2016-11-25,193.64,196.65
2016-11-28,195.48,196.12
2016-11-29,195.56,189.57
2016-11-30,191.0,189.4
2016-12-01,188.25,181.88
2016-12-02,182.88,181.47
2016-12-05,182.51,186.8
2016-12-06,185.52,185.85
2016-12-07,186.15,193.15
2016-12-08,192.05,192.29
2016-12-09,190.87,192.18
2016-12-12,192.8,192.43
2016-12-13,193.18,198.15
2016-12-14,198.74,198.69
2016-12-15,198.41,197.58
2016-12-16,198.08,202.49
2016-12-19,202.49,202.73
2016-12-20,203.05,208.79
2016-12-21,208.45,207.7
2016-12-22,208.22,208.45
2016-12-23,208.0,213.34
2016-12-27,214.88,219.53
2016-12-28,221.53,219.74
2016-12-29,218.56,214.68
2016-12-30,216.3,213.69
2017-01-03,214.86,216.99
2017-01-04,214.75,226.99
2017-01-05,226.42,226.75
2017-01-06,226.93,229.01
2017-01-09,228.97,231.28
2017-01-10,232.0,229.87
2017-01-11,229.07,229.73
2017-01-12,229.06,229.59
2017-01-13,230.0,237.75
2017-01-17,236.7,235.58
2017-01-18,236.65,238.36
2017-01-19,247.25,243.76
2017-01-20,245.46,244.73
2017-01-23,245.85,248.92
2017-01-24,250.0,254.61
2017-01-25,257.31,254.47
2017-01-26,254.29,252.51
2017-01-27,251.38,252.95
2017-01-30,252.53,250.63
2017-01-31,249.24,251.93
2017-02-01,253.05,249.24
2017-02-02,248.34,251.55
2017-02-03,251.91,251.33
2017-02-06,251.0,257.77
2017-02-07,258.19,257.48
2017-02-08,257.35,262.08
2017-02-09,266.25,269.2
2017-02-10,269.79,269.23
2017-02-13,270.74,280.6
2017-02-14,279.03,280.98
2017-02-15,280.0,279.76
2017-02-16,277.6,268.95
2017-02-17,265.8,272.23
2017-02-21,275.45,277.39
2017-02-22,280.31,273.51
2017-02-23,264.0,255.99
2017-02-24,252.66,257.0
2017-02-27,248.17,246.23
2017-02-28,244.19,249.99
2017-03-01,254.18,250.02
2017-03-02,249.71,250.48
2017-03-03,250.74,251.57
2017-03-06,247.91,251.21
2017-03-07,251.92,248.59
2017-03-08,247.0,246.87
2017-03-09,247.63,244.9
2017-03-10,246.21,243.69
2017-03-13,244.82,246.17
2017-03-14,246.11,258.0
2017-03-15,257.0,255.73
2017-03-16,262.4,262.05
2017-03-17,264.0,261.5
2017-03-20,260.6,261.92
2017-03-21,262.83,250.68
2017-03-22,251.56,255.01
2017-03-23,255.39,254.78
2017-03-24,255.7,263.16
2017-03-27,260.6,270.22
2017-03-28,277.02,277.45
2017-03-29,278.34,277.38
2017-03-30,278.04,277.92
2017-03-31,278.73,278.3
2017-04-03,286.9,298.52
2017-04-04,296.89,303.7
2017-04-05,302.04,295.0
2017-04-06,296.88,298.7
2017-04-07,297.5,302.54
2017-04-10,309.15,312.39
2017-04-11,313.38,308.71
2017-04-12,306.34,296.84
2017-04-13,296.7,304.0
2017-04-17,302.7,301.44
2017-04-18,299.7,300.25
2017-04-19,302.46,305.52
2017-04-20,306.51,302.51
2017-04-21,302.0,305.6
2017-04-24,309.22,308.03
2017-04-25,308.0,313.79
2017-04-26,312.37,310.17
2017-04-27,311.69,308.63
2017-04-28,309.83,314.07
2017-05-01,314.88,322.83
2017-05-02,324.0,318.89
2017-05-03,317.67,311.02
2017-05-04,307.435,295.46
2017-05-05,298.0,308.35
2017-05-08,310.9,307.19
2017-05-09,309.38,321.26
2017-05-10,321.56,325.22
2017-05-11,323.4,323.1
2017-05-12,325.48,324.81
2017-05-15,318.38,315.88
2017-05-16,317.59,317.01
2017-05-17,314.39,306.11
2017-05-18,307.0,313.06
2017-05-19,315.5,310.83
2017-05-22,312.8,310.35
2017-05-23,310.46,303.86
2017-05-24,306.51,310.22
2017-05-25,311.02,316.83
2017-05-26,317.28,325.14
2017-05-30,326.0,335.1
2017-05-31,337.69,341.01
2017-06-01,344.0,340.37
2017-06-02,339.77,339.85
2017-06-05,338.5,347.32
2017-06-06,344.7,352.85
2017-06-07,356.34,359.65
2017-06-08,363.75,370.0
2017-06-09,374.42,357.32
2017-06-12,357.99,359.01
2017-06-13,367.62,375.95
2017-06-14,381.085,380.66
2017-06-15,372.5,375.34
2017-06-16,377.975,371.4
2017-06-19,375.0,369.8
2017-06-20,376.67,372.24
2017-06-21,374.35,376.4
2017-06-22,377.99,382.61
2017-06-23,382.45,383.45
2017-06-26,386.69,377.49
2017-06-27,376.4,362.37
2017-06-28,366.68,371.24
2017-06-29,370.61,360.75
2017-06-30,363.71,361.61
2017-07-03,370.24,352.62
2017-07-05,347.2,327.09
2017-07-06,317.26,308.83
2017-07-07,313.5,313.22
2017-07-10,312.9,316.05
2017-07-11,316.0,327.22
2017-07-12,330.4,329.52
2017-07-13,330.11,323.41
2017-07-14,323.19,327.78
2017-07-17,325.54,319.57
2017-07-18,317.5,328.24
2017-07-19,328.23,325.26
2017-07-20,326.9,329.92
2017-07-21,329.46,328.4
2017-07-24,330.24,342.52
2017-07-25,345.0,339.6
2017-07-26,340.36,343.85
2017-07-27,346.0,334.46
2017-07-28,336.89,335.07
2017-07-31,335.5,323.47
2017-08-01,323.0,319.57
2017-08-02,318.94,325.89
2017-08-03,345.33,347.09
2017-08-04,347.0,356.91
2017-08-07,357.35,355.17
2017-08-08,357.53,365.22
2017-08-09,361.0,363.53
2017-08-10,361.6,355.4
2017-08-11,356.97,357.715
2017-08-14,364.63,363.8
2017-08-15,365.2,362.33
2017-08-16,363.0,362.91
2017-08-17,361.21,351.92
2017-08-18,352.91,347.46
2017-08-21,345.82,337.86
2017-08-22,341.13,341.35
2017-08-23,338.99,352.77
2017-08-24,352.52,352.93
2017-08-25,354.24,348.05
2017-08-28,347.28,345.66
2017-08-29,339.48,347.36
2017-08-30,349.67,353.18
2017-08-31,353.55,355.9
2017-09-01,356.12,355.4
2017-09-05,353.8,349.59
2017-09-06,349.5,344.53
2017-09-07,345.98,350.61
2017-09-08,348.99,343.4
2017-09-11,351.35,363.69
2017-09-12,364.49,362.75
2017-09-13,363.82,366.23
2017-09-14,364.33,377.64
2017-09-15,374.51,379.81
2017-09-18,380.25,385.0
2017-09-19,380.0,375.1
2017-09-20,373.0,373.91
2017-09-21,374.9,366.48
2017-09-22,366.49,351.09
2017-09-25,353.15,344.99
2017-09-26,350.93,345.25
2017-09-27,349.9,340.97
2017-09-28,339.88,339.6
2017-09-29,341.86,341.1
2017-10-02,342.52,341.53
2017-10-03,335.9,348.14
2017-10-04,351.25,355.01
2017-10-05,356.0,355.33
2017-10-06,353.1,356.88
2017-10-09,349.65,342.94
2017-10-10,346.8,355.59
2017-10-11,353.89,354.6
2017-10-12,352.95,355.68
2017-10-13,356.98,355.57
2017-10-16,353.76,350.6
2017-10-17,350.91,355.75
2017-10-18,355.97,359.65
2017-10-19,355.56,351.81
2017-10-20,352.69,345.1
2017-10-23,349.88,337.02
2017-10-24,338.8,337.34
2017-10-25,336.7,325.84
2017-10-26,327.78,326.17
2017-10-27,319.75,320.87
2017-10-30,319.18,320.08
2017-10-31,320.23,331.53
2017-11-01,332.25,321.08
2017-11-02,300.13,299.26
2017-11-03,299.5,306.09
2017-11-06,307.0,302.78
2017-11-07,301.02,306.05
2017-11-08,305.5,304.39
2017-11-09,302.5,302.99
2017-11-10,302.5,302.99
2017-11-13,300.13,315.4
2017-11-14,315.0,308.7
2017-11-15,306.01,311.3
2017-11-16,313.99,312.5
2017-11-17,325.67,315.05
2017-11-20,313.79,308.74
2017-11-21,310.86,317.81
2017-11-22,316.77,312.6
2017-11-24,313.79,315.55
2017-11-27,313.25,316.81
2017-11-28,316.36,317.55
2017-11-29,317.3,307.54
2017-11-30,308.56,308.85
2017-12-01,305.44,306.53
2017-12-04,306.5,305.2
2017-12-05,302.0,303.7
2017-12-06,300.1,313.26
2017-12-07,312.0,311.24
2017-12-08,314.6,315.13
2017-12-11,314.63,328.91
2017-12-12,330.45,341.03
2017-12-13,340.93,339.03
2017-12-14,341.01,337.89
2017-12-15,342.04,343.45
2017-12-18,344.9,338.87
2017-12-19,340.26,331.1
2017-12-20,332.69,328.98
2017-12-21,329.59,331.66
2017-12-22,329.51,325.2
2017-12-26,323.83,317.29
2017-12-27,316.0,311.64
2017-12-28,311.75,315.36
2017-12-29,316.18,311.35
2018-01-02,312.0,320.53
2018-01-03,321.0,317.25
2018-01-04,312.87,314.62
2018-01-05,316.62,316.58
2018-01-08,316.0,336.41
2018-01-09,335.16,333.69
2018-01-10,332.2,334.8
2018-01-11,335.24,337.95
2018-01-12,338.63,336.22
2018-01-16,337.54,340.06
2018-01-17,340.47,347.16
2018-01-18,345.67,344.57
2018-01-19,345.0,350.02
2018-01-22,349.4,351.56
2018-01-23,360.0,352.79
2018-01-24,354.58,345.89
2018-01-25,348.27,337.64
2018-01-26,341.5,342.85
2018-01-29,339.85,349.53
2018-01-30,345.14,345.82
2018-01-31,347.51,354.31
2018-02-01,351.0,349.25
2018-02-02,348.44,343.75
2018-02-05,337.97,333.13
2018-02-06,325.21,333.97
2018-02-07,338.99,345.0
2018-02-08,343.31,315.23
2018-02-09,319.93,310.42
2018-02-12,316.13,315.73
2018-02-13,315.02,323.66
2018-02-14,320.84,322.31
2018-02-15,324.5,334.07
2018-02-16,332.5,335.49
2018-02-20,334.47,334.77
2018-02-21,336.03,333.3
2018-02-22,335.53,346.17
2018-02-23,347.83,352.05
2018-02-26,353.5,357.42
2018-02-27,356.25,350.99
2018-02-28,352.57,343.06
2018-03-01,345.01,330.93
2018-03-02,326.98,335.12
2018-03-05,332.39,333.35
2018-03-06,333.75,328.2
2018-03-07,325.44,332.3
2018-03-08,332.86,329.1
2018-03-09,324.1,327.17
2018-03-12,328.61,345.51
2018-03-13,328.61,341.84
2018-03-14,336.76,326.63
2018-03-15,329.38,325.6
2018-03-16,322.93,321.35
2018-03-19,316.5,313.56
2018-03-20,314.87,310.55
2018-03-21,310.25,316.53
2018-03-22,313.89,309.1
2018-03-23,311.25,301.54
2018-03-26,307.34,304.18
2018-03-27,304.0,279.18
2018-03-28,264.58,257.78
2018-03-29,256.49,266.13
2018-04-02,256.26,252.48
2018-04-03,269.82,267.53
2018-04-04,252.78,286.94
2018-04-05,289.34,305.72
2018-04-06,301.0,299.3
2018-04-09,300.37,289.66
2018-04-10,298.97,304.7
2018-04-11,300.74,300.93
2018-04-12,302.32,294.08
2018-04-13,303.6,300.34
2018-04-16,299.0,291.21
2018-04-17,288.87,287.69
2018-04-18,291.08,293.35
2018-04-19,291.08,300.08
2018-04-20,295.17,290.24
2018-04-23,291.29,283.37
2018-04-24,285.0,283.46
2018-04-25,283.5,280.69
2018-04-26,278.75,285.48
2018-04-27,285.37,294.08
2018-04-30,293.61,293.9
2018-05-01,293.51,299.92
2018-05-02,298.57,301.15
2018-05-03,278.79,284.45
2018-05-04,283.0,294.09
2018-05-07,297.5,302.77
2018-05-08,300.8,301.97
2018-05-09,300.41,306.85
2018-05-10,307.5,305.02
2018-05-11,307.7,301.06
2018-05-14,303.32,291.97
2018-05-15,285.01,284.18
2018-05-16,283.83,286.48
2018-05-17,285.9,284.54
2018-05-18,284.65,276.82
2018-05-21,281.33,284.49
2018-05-22,287.76,275.01
2018-05-23,277.76,279.07
2018-05-24,278.4,277.85
2018-05-25,277.63,278.85
2018-05-29,278.51,283.76
2018-05-30,283.29,291.72
2018-05-31,287.21,284.73
2018-06-01,285.86,291.82
2018-06-04,294.34,296.74
2018-06-05,297.7,291.13
2018-06-06,300.5,319.5
2018-06-07,316.15,316.09
2018-06-08,319.0,317.66
2018-06-11,322.51,332.1
2018-06-12,344.7,342.77
2018-06-13,346.71,344.78
2018-06-14,347.63,357.72
2018-06-15,353.84,358.17
2018-06-18,355.4,370.83
2018-06-19,365.16,352.55
2018-06-20,358.04,362.22
2018-06-21,362.0,347.51
2018-06-22,351.54,333.63
2018-06-25,330.12,333.01
2018-06-26,336.05,342.0
2018-06-27,345.0,344.5
2018-06-28,348.66,349.93
2018-06-29,353.33,342.95
2018-07-02,360.07,335.07
2018-07-03,331.75,310.86
2018-07-05,313.76,309.16
2018-07-06,304.95,308.9
2018-07-09,311.99,318.51
2018-07-10,324.56,322.47
2018-07-11,315.8,318.96
2018-07-12,321.43,316.71
2018-07-13,315.58,318.87
2018-07-16,311.71,310.1
2018-07-17,308.81,322.69
2018-07-18,325.0,323.85
2018-07-19,316.33,320.23
2018-07-20,321.23,313.58
2018-07-23,301.84,303.2
2018-07-24,304.42,297.43
2018-07-25,296.74,308.74
2018-07-26,304.85,306.65
2018-07-27,307.25,297.18
2018-07-30,295.9,290.17
2018-07-31,292.25,298.14
2018-08-01,297.99,300.84
2018-08-02,328.44,349.54
2018-08-03,347.81,348.17
2018-08-06,345.46,341.99
2018-08-07,343.84,379.57
2018-08-08,369.09,370.34
2018-08-09,365.55,352.45
2018-08-10,354.0,355.49
2018-08-13,361.13,356.41
2018-08-14,358.45,347.64
2018-08-15,341.91,338.69
2018-08-16,339.91,335.45
2018-08-17,323.5,305.5
2018-08-20,291.7,308.44
2018-08-21,310.61,321.9
2018-08-22,320.87,321.64
2018-08-23,319.14,320.1
2018-08-24,320.7,322.82
2018-08-27,318.0,319.27
2018-08-28,318.41,311.86
2018-08-29,310.27,305.01
2018-08-30,302.26,303.15
2018-08-31,302.0,301.66
2018-09-04,296.94,288.95
2018-09-05,285.05,280.74
2018-09-06,284.8,280.95
2018-09-07,260.1,263.24
2018-09-10,273.26,285.5
2018-09-11,279.47,279.44
2018-09-12,281.44,290.54
2018-09-13,288.02,289.46
2018-09-14,288.76,295.2
2018-09-17,290.04,294.84
2018-09-18,296.69,284.96
2018-09-19,280.51,299.02
2018-09-20,303.56,298.33
2018-09-21,297.7,299.1
2018-09-24,298.48,299.68
2018-09-25,300.0,300.99
2018-09-26,301.91,309.58
2018-09-27,312.9,307.52
2018-09-28,270.26,264.77
2018-10-01,305.77,310.7
2018-10-02,313.95,301.02
2018-10-03,303.33,294.8
2018-10-04,293.95,281.83
2018-10-05,274.65,261.95
2018-10-08,264.52,250.56
2018-10-09,255.25,262.8
2018-10-10,264.61,256.88
2018-10-11,257.53,252.23
2018-10-12,261.0,258.78
2018-10-15,259.06,259.59
2018-10-16,265.7,276.59
2018-10-17,282.4,271.78
2018-10-18,269.29,263.91
2018-10-19,267.39,260.0
2018-10-22,260.68,260.95
2018-10-23,263.87,294.14
2018-10-24,301.05,288.5
2018-10-25,317.22,314.86
2018-10-26,308.25,330.9
2018-10-29,337.47,334.85
2018-10-30,328.39,329.9
2018-10-31,332.54,337.32
2018-11-01,338.26,344.28
2018-11-02,343.74,346.41
2018-11-05,340.5,341.4
2018-11-06,339.07,341.06
2018-11-07,343.34,348.16
2018-11-08,348.5,351.4
2018-11-09,349.0,350.51
2018-11-12,348.37,331.28
2018-11-13,333.16,338.73
2018-11-14,342.7,344.0
2018-11-15,342.33,348.44
2018-11-16,345.19,354.31
2018-11-19,356.34,353.47
2018-11-20,341.75,347.49
2018-11-21,352.0,338.19
2018-11-23,334.345,325.83
2018-11-26,325.0,346.0
2018-11-27,340.05,343.92
2018-11-28,345.99,347.87
2018-11-29,347.0,341.17
2018-11-30,341.83,350.48
2018-12-03,360.0,358.49
2018-12-04,356.05,359.7
2018-12-06,356.01,363.06
2018-12-07,369.0,357.97
2018-12-10,360.0,365.15
2018-12-11,369.91,366.76
2018-12-12,369.42,366.6
2018-12-13,370.15,376.79
2018-12-14,375.0,365.71
2018-12-17,362.0,348.42
2018-12-18,350.54,337.03
2018-12-19,337.6,332.97
2018-12-20,327.05,315.38
2018-12-21,317.4,319.77
2018-12-24,313.5,295.39
2018-12-26,300.0,326.09
2018-12-27,319.84,316.13
2018-12-28,323.1,333.87
2018-12-31,337.79,332.8
2019-01-02,306.1,310.12
2019-01-03,307.0,300.36
2019-01-04,306.0,317.69
2019-01-07,321.72,334.96
2019-01-08,341.96,335.35
2019-01-09,335.5,338.53
2019-01-10,334.4,344.97
2019-01-11,342.09,347.26
2019-01-14,342.38,334.4
2019-01-15,335.0,344.43
2019-01-16,344.78,346.05
2019-01-17,346.21,347.31
2019-01-18,323.0,302.26
2019-01-22,304.82,298.92
2019-01-23,292.5,287.59
2019-01-24,283.03,291.51
2019-01-25,294.39,297.04
2019-01-28,292.91,296.38
2019-01-29,295.27,297.46
2019-01-30,300.45,308.77
2019-01-31,301.0,307.02
2019-02-01,305.42,312.21
2019-02-04,312.98,312.89
2019-02-05,312.49,321.35
2019-02-06,319.59,317.22
2019-02-07,313.3,307.51
2019-02-08,306.83,305.8
2019-02-11,311.6,312.84
2019-02-12,316.2,311.81
2019-02-13,312.35,308.17
2019-02-14,303.38,303.77
2019-02-15,304.5,307.88
2019-02-19,306.56,305.64
2019-02-20,304.41,302.56
2019-02-21,301.81,291.23
2019-02-22,294.49,294.71
2019-02-25,297.91,298.77
2019-02-26,292.22,297.86
2019-02-27,301.78,314.74
2019-02-28,318.92,319.88
2019-03-01,306.94,294.79
2019-03-04,298.12,285.36
2019-03-05,282.0,276.54
2019-03-06,276.48,276.24
2019-03-07,278.84,276.59
2019-03-08,276.91,284.14
2019-03-11,283.52,290.92
2019-03-12,286.49,283.36
2019-03-13,283.9,288.96
2019-03-14,292.45,289.96
2019-03-15,283.51,275.43
2019-03-18,276.0,269.49
2019-03-19,267.5,267.47
2019-03-20,269.69,273.6
2019-03-21,272.6,274.02
2019-03-22,272.58,264.53
2019-03-25,259.71,260.42
2019-03-26,264.44,267.77
2019-03-27,268.75,274.83
2019-03-28,277.16,278.62
2019-03-29,278.7,279.86
2019-04-01,282.62,289.18
2019-04-02,288.3,285.88
2019-04-03,287.32,291.81
2019-04-04,261.89,267.78
2019-04-05,269.86,274.96
2019-04-08,277.69,273.2
2019-04-09,271.65,272.31
2019-04-10,276.74,276.06
2019-04-11,268.3,268.42
2019-04-12,270.22,267.7
2019-04-15,268.63,266.38
2019-04-16,265.75,273.36
2019-04-17,274.75,271.23
2019-04-18,271.23,273.26
2019-04-22,269.0,262.75
2019-04-23,260.15,263.9
2019-04-24,263.85,258.66
2019-04-25,255.0,247.63
2019-04-26,246.5,235.14
2019-04-29,235.86,241.47
2019-04-30,242.06,238.69
2019-05-01,238.85,234.01
2019-05-02,245.52,244.1
2019-05-03,243.86,255.03
2019-05-06,250.02,255.34
2019-05-07,256.8,247.06
2019-05-08,246.94,244.84
2019-05-09,242.0,241.98
2019-05-10,239.75,239.52
2019-05-13,232.01,227.01
2019-05-14,229.3,232.31
2019-05-15,229.32,231.95
2019-05-16,229.49,228.33
2019-05-17,221.96,211.03
2019-05-20,202.8,205.36
2019-05-21,197.76,205.08
2019-05-22,199.1,192.73
2019-05-23,194.34,195.49
2019-05-24,199.83,190.63
2019-05-28,191.2,188.7
2019-05-29,187.1,189.86
2019-05-30,188.75,188.22
2019-05-31,185.1,185.16
2019-06-03,185.51,178.97
2019-06-04,181.1,193.6
2019-06-05,198.68,196.59
2019-06-06,204.44,205.95
2019-06-07,205.0,204.5
2019-06-10,210.25,212.88
2019-06-11,219.14,217.1
2019-06-12,222.95,209.26
2019-06-13,210.38,213.91
2019-06-14,211.25,214.92
2019-06-17,215.48,225.03
2019-06-18,228.72,224.74
2019-06-19,225.11,226.43
2019-06-20,223.0,219.62
2019-06-21,216.22,221.86
2019-06-24,223.24,223.64
2019-06-25,224.39,219.76
2019-06-26,220.31,219.27
2019-06-27,219.45,222.84
2019-06-28,220.99,223.46
2019-07-01,230.21,227.17
2019-07-02,228.89,224.55
2019-07-03,239.39,234.9
2019-07-05,234.57,233.1
2019-07-08,231.24,230.34
2019-07-09,228.97,230.06
2019-07-10,234.15,238.92
2019-07-11,238.14,238.6
2019-07-12,239.75,245.08
2019-07-15,248.0,253.5
2019-07-16,249.3,252.38
2019-07-17,255.67,254.86
2019-07-18,255.05,253.54
2019-07-19,255.69,258.18
2019-07-22,258.75,255.68
2019-07-23,256.71,260.17
2019-07-24,259.17,264.88
2019-07-25,233.5,228.82
2019-07-26,226.92,228.04
2019-07-29,227.09,235.77
2019-07-30,232.9,242.26
2019-07-31,243.0,241.61
2019-08-01,242.65,233.85
2019-08-02,231.35,234.34
2019-08-05,229.6,228.32
2019-08-06,231.88,230.75
2019-08-07,226.5,233.42
2019-08-08,234.45,238.3
2019-08-09,236.05,235.01
2019-08-12,232.99,229.01
2019-08-13,228.81,235.0
2019-08-14,231.21,219.62
2019-08-15,220.86,215.64
2019-08-16,216.66,219.94
2019-08-19,224.21,226.83
2019-08-20,227.62,225.86
2019-08-21,222.01,220.83
2019-08-22,222.8,222.15
2019-08-23,219.97,211.4
2019-08-26,213.6,215.0
2019-08-27,215.74,214.08
2019-08-28,213.69,215.59
2019-08-29,219.0,221.71
2019-08-30,229.15,225.61
2019-09-03,224.08,225.01
2019-09-04,226.89,220.68
2019-09-05,222.5,229.58
2019-09-06,227.2,227.45
2019-09-09,230.0,231.79
2019-09-10,230.8,235.54
2019-09-11,237.38,247.1
2019-09-12,247.7,245.87
2019-09-13,246.96,245.2
2019-09-16,246.0,242.81
2019-09-17,242.47,244.79
2019-09-18,245.0,243.49
2019-09-19,246.0,246.6
2019-09-20,246.49,240.62
2019-09-23,240.0,241.23
2019-09-24,241.52,223.21
2019-09-25,224.56,228.7
2019-09-26,230.66,242.56
2019-09-27,242.2,242.13
2019-09-30,243.0,240.87
2019-10-01,241.5,244.69
2019-10-02,243.29,243.13
2019-10-03,231.86,233.03
2019-10-04,231.61,231.43
2019-10-07,229.8,237.72
2019-10-08,235.87,240.05
2019-10-09,241.32,244.53
2019-10-10,245.28,244.74
2019-10-11,247.15,247.89
2019-10-14,247.9,256.96
2019-10-15,257.7,257.89
2019-10-16,257.39,259.75
2019-10-17,262.5,261.97
2019-10-18,260.7,256.95
2019-10-21,258.33,253.5
2019-10-22,254.32,255.58
2019-10-23,254.5,254.68
2019-10-24,298.37,299.68
2019-10-25,297.72,328.13
2019-10-28,327.54,327.71
2019-10-29,319.99,316.22
2019-10-30,313.0,315.01
2019-10-31,313.1,314.92
2019-11-01,316.32,313.31
2019-11-04,314.8,317.47
2019-11-05,319.62,317.22
2019-11-06,318.0,326.58
2019-11-07,329.14,335.54
2019-11-08,334.5,337.14
2019-11-11,343.95,345.09
2019-11-12,346.9,349.93
2019-11-13,355.0,346.11
2019-11-14,346.11,349.35
2019-11-15,350.64,352.17
2019-11-18,352.92,349.99
2019-11-19,351.75,359.52
2019-11-20,360.0,352.22
2019-11-21,354.51,354.83
2019-11-22,340.16,333.04
2019-11-25,344.32,336.34
2019-11-26,335.27,328.92
2019-11-27,331.12,331.29
2019-11-29,331.11,329.94
2019-12-02,329.4,334.87
2019-12-03,332.62,336.2
2019-12-04,337.75,333.03
2019-12-05,332.83,330.37
2019-12-06,335.0,335.89
2019-12-09,336.59,339.53
2019-12-10,339.96,348.84
2019-12-11,351.88,352.7
2019-12-12,354.92,359.68
2019-12-13,361.05,358.39
2019-12-16,362.55,381.5
2019-12-17,378.99,378.99
2019-12-18,380.63,393.15
2019-12-19,397.32,404.04
2019-12-20,410.29,405.59
2019-12-23,411.78,419.22
2019-12-24,418.36,425.25
2019-12-26,427.91,430.94
2019-12-27,435.0,430.38
2019-12-30,428.79,414.7
2019-12-31,405.0,418.33
2020-01-02,424.5,430.26
2020-01-03,440.5,443.01
2020-01-06,440.47,451.54
2020-01-07,461.4,469.06
2020-01-08,473.7,492.14
2020-01-09,497.1,481.34
2020-01-10,481.79,478.15
2020-01-13,493.5,524.86
2020-01-14,544.26,537.92
2020-01-15,529.76,518.5
2020-01-16,493.75,513.49
2020-01-17,507.61,510.5
2020-01-21,530.25,547.2
2020-01-22,571.89,569.56
2020-01-23,564.25,572.2
2020-01-24,570.63,564.82
2020-01-27,541.99,558.02
2020-01-28,568.49,566.9
2020-01-29,575.69,580.99
2020-01-30,632.42,640.81
2020-01-31,640.0,650.57
2020-02-03,673.69,780.0
2020-02-04,882.96,887.06
2020-02-05,823.26,734.7
2020-02-06,699.92,748.96
2020-02-07,730.55,748.07
2020-02-10,800.0,771.28
2020-02-11,768.79,774.38
2020-02-12,777.87,767.29
2020-02-13,741.84,804.0
2020-02-14,787.22,800.03
2020-02-18,841.6,858.4
2020-02-19,923.5,917.42
2020-02-20,911.95,899.41
2020-02-21,906.98,901.0
2020-02-24,839.0,833.79
2020-02-25,849.0,799.91
2020-02-26,782.5,778.8
2020-02-27,730.0,679.0
2020-02-28,629.7,667.99
2020-03-02,711.26,743.62
2020-03-03,805.0,745.51
2020-03-04,763.96,749.5
2020-03-05,723.77,724.54
2020-03-06,690.0,703.48
2020-03-09,605.39,608.0
2020-03-10,659.43,645.33
2020-03-11,640.2,634.23
2020-03-12,580.89,560.55
2020-03-13,595.0,546.62
2020-03-16,469.5,445.07
2020-03-17,440.01,430.2
2020-03-18,389.0,361.22
2020-03-19,374.7,427.64
2020-03-20,438.2,427.53
2020-03-23,433.6,434.29
2020-03-24,477.3,505.0
2020-03-25,545.25,539.25
2020-03-26,547.39,528.16
2020-03-27,505.0,514.36
2020-03-30,510.26,502.13
2020-03-31,501.25,524.0
2020-04-01,504.0,481.56
2020-04-02,481.03,454.47
2020-04-03,509.5,480.01
2020-04-06,511.2,516.24
2020-04-07,545.0,545.45
2020-04-08,554.2,548.84
2020-04-09,562.09,573.0
2020-04-13,590.16,650.95
2020-04-14,698.97,709.89
2020-04-15,742.0,729.83
2020-04-16,716.94,745.21
2020-04-17,772.28,753.89
2020-04-20,732.7,746.36
2020-04-21,730.12,686.72
2020-04-22,703.98,732.11
2020-04-23,727.6,705.63
2020-04-24,710.81,725.15
2020-04-27,737.61,798.75
2020-04-28,795.64,769.12
2020-04-29,790.17,800.51
2020-04-30,855.19,781.88
2020-05-01,755.0,701.32
2020-05-04,701.0,761.19
2020-05-05,789.79,768.21
2020-05-06,776.5,782.58
2020-05-07,777.21,780.04
2020-05-08,793.77,819.42
2020-05-11,790.51,811.29
2020-05-12,827.0,809.41
2020-05-13,820.83,790.96
2020-05-14,780.0,803.33
2020-05-15,790.35,799.17
2020-05-18,827.78,813.63
2020-05-19,815.17,808.01
2020-05-20,820.5,815.56
2020-05-21,816.0,827.6
2020-05-22,822.17,816.88
2020-05-26,834.5,818.87
2020-05-27,820.86,820.23
2020-05-28,813.51,805.81
2020-05-29,808.75,835.0
2020-06-01,858.0,898.1
2020-06-02,894.7,881.56
2020-06-03,888.12,882.96
2020-06-04,889.88,864.38
2020-06-05,877.84,885.66
2020-06-08,919.0,949.92
2020-06-09,940.01,940.67
2020-06-10,991.88,1025.05
2020-06-11,990.2,972.84
2020-06-12,980.0,935.28
2020-06-15,917.79,990.9
2020-06-16,1011.85,982.13
2020-06-17,987.71,991.79
2020-06-18,1003.0,1003.96
2020-06-19,1012.78,1000.9
2020-06-22,999.95,994.32
2020-06-23,998.88,1001.78
2020-06-24,994.11,960.85
2020-06-25,954.27,985.98
2020-06-26,994.78,959.74
2020-06-29,969.01,1009.35
2020-06-30,1006.5,1079.81
2020-07-01,1083.0,1119.63
2020-07-02,1221.48,1208.66
2020-07-06,1276.69,1371.58
2020-07-07,1405.01,1389.86
2020-07-08,1405.0,1365.88
2020-07-09,1396.99,1394.28
2020-07-10,1396.0,1544.65
2020-07-13,1659.0,1497.06
2020-07-14,1556.0,1516.8
2020-07-15,1543.0,1546.01
2020-07-16,1477.16,1500.64
2020-07-17,1513.45,1500.84
2020-07-20,1519.01,1643.0
2020-07-21,1639.93,1568.36
2020-07-22,1599.0,1592.33
2020-07-23,1678.95,1513.07
2020-07-24,1416.01,1417.0
2020-07-27,1435.0,1539.6
2020-07-28,1504.0,1476.49
2020-07-29,1501.0,1499.11
2020-07-30,1488.0,1487.49
2020-07-31,1515.0,1430.76
2020-08-03,1449.2,1485.0
2020-08-04,1495.01,1487.0
2020-08-05,1492.99,1485.02
2020-08-06,1490.83,1489.58
2020-08-07,1499.5365,1452.71
2020-08-10,1448.0,1418.57
2020-08-11,1396.0,1374.39
2020-08-12,1470.0,1554.76
2020-08-13,1611.0,1621.0
2020-08-14,1664.99,1650.71
2020-08-17,1677.0,1835.64
2020-08-18,1898.99,1887.09
2020-08-19,1865.0,1878.53
2020-08-20,1860.68,2001.83
2020-08-21,2044.76,2049.98
2020-08-24,2126.275,2014.2
2020-08-25,1974.89,2023.34
2020-08-26,2060.0,2153.17
2020-08-27,2180.46,2238.75
2020-08-28,2295.12,2213.4
2020-08-31,444.61,498.32
2020-09-01,502.14,475.05
2020-09-02,478.99,447.37
2020-09-03,407.23,407.0
2020-09-04,402.81,418.32
2020-09-08,356.0,330.21
2020-09-09,356.6,366.28
2020-09-10,386.21,371.34
2020-09-11,381.94,372.72
2020-09-14,380.95,419.62
2020-09-15,436.56,449.76
2020-09-16,439.87,441.76
2020-09-17,415.6,423.43
2020-09-18,447.94,442.15
2020-09-21,453.13,449.39
2020-09-22,429.6,424.23
2020-09-23,405.16,380.36
2020-09-24,363.8,387.79
2020-09-25,393.47,407.34
2020-09-28,424.62,421.2
2020-09-29,416.0,419.07
2020-09-30,421.32,429.01
2020-10-01,440.76,448.16
2020-10-02,421.39,415.09
2020-10-05,423.35,425.68
2020-10-06,423.79,413.98
2020-10-07,419.87,425.3
2020-10-08,438.44,425.92
2020-10-09,430.13,434.0
2020-10-12,442.0,442.3
2020-10-13,443.35,446.65
2020-10-14,449.78,461.3
2020-10-15,450.31,448.88
2020-10-16,454.44,439.67
2020-10-19,446.24,430.83
2020-10-20,431.75,421.94
2020-10-21,422.7,422.64
2020-10-22,441.92,425.79
2020-10-23,421.84,420.63
2020-10-26,411.63,420.28
2020-10-27,423.76,424.68
2020-10-28,416.48,406.02
2020-10-29,409.96,410.83
2020-10-30,406.8954,388.04
2020-11-02,394.0,400.51
2020-11-03,409.73,423.9
2020-11-04,430.62,420.98
2020-11-05,428.3,438.09
2020-11-06,436.1,429.95
2020-11-09,439.5,421.26
2020-11-10,420.09,410.36
2020-11-11,416.45,417.13
2020-11-12,415.05,411.76
2020-11-13,410.85,408.5
2020-11-16,408.93,408.09
2020-11-17,460.17,441.61
2020-11-18,448.35,486.64
2020-11-19,492.0,499.27
2020-11-20,497.99,489.61
2020-11-23,503.5,521.85
2020-11-24,540.4,555.38
2020-11-25,550.06,574.0
2020-11-27,581.16,585.76
2020-11-30,602.21,567.6
2020-12-01,597.59,584.76
2020-12-02,556.44,568.82
2020-12-03,590.02,593.38
2020-12-04,591.01,599.04
2020-12-07,604.9197,641.76
2020-12-08,625.505,649.88
2020-12-09,653.69,604.48
2020-12-10,574.37,627.07
2020-12-11,615.01,609.99
2020-12-14,619.0,639.83
2020-12-15,643.28,633.25
2020-12-16,628.23,622.77
2020-12-17,628.19,655.9
2020-12-18,668.9,695.0
2020-12-21,663.20,649.86
2020-12-22,647.15,640.34
2020-12-23,631.70,645.98